"Model","RMSE_Train","RMSE_Test","R2_Train","R2_Test"
"Landings Model",1368259.83134933,1280938.99373242,0.193956419678909,0.0590775813919365
"Consumption Model",0.0516706779153518,0.0889241775245216,0.995759929354422,0.991104279195075
"Exports Model",105984.845684943,131310.361904592,0.984287120598719,0.981442737103842
"Market Value Model",25.8764725505369,72.525247325132,0.999089680020883,0.993735827312236
"Landings Model",238.77911448204,2366.3349327708,0.997842174000719,0.753799088308908
"Consumption Model",0.0611425515798591,0.0665774365400935,0.99392992765956,0.995448086002589
"Exports Model",116178.116609021,88654.381661474,0.98211640623271,0.989670796424025
"Market Value Model",36.6301689658974,25.0785027605188,0.998281600817647,0.999021116285347
