"Model","RMSE_Train","RMSE_Test","R2_Train","R2_Test"
"Landings Model",22310532.0171963,19613870.0876612,0.46052135642462,0.183822223207289
"Consumption Model",0.0818183646294614,0.0357517033887233,0.999032958950365,0.999817279239168
"Exports Model",78645.3996734745,129928.965346071,0.998278148368481,0.994398178257281
"Market Value Model",0.0160247990768689,0.0448874934579787,0.995087100757877,0.969719560855603
"Landings Model",1600146.31838052,2972736.78543287,0.99510210598606,0.980681979906865
"Consumption Model",0.0570487183121712,0.122407655801947,0.999554524013096,0.997152468415515
"Exports Model",83635.0149949552,113774.116258047,0.997953728651952,0.996423598054683
"Market Value Model",0.0249860754892344,0.0181622020293277,0.988188985223691,0.994605051217654
