"Model","RMSE_Train","RMSE_Test","R2_Train","R2_Test"
"Landings Model",14907149.4981344,14075424.699235,0.298819711663849,0.103779215168278
"Consumption Model",0.130060123571388,0.0874411243305458,0.996846777927848,0.998976962863867
"Exports Model",99172.9287098607,51164.1706462967,0.995081201818142,0.998956703341224
"Market Value Model",0.178940313073217,0.19841721795967,0.93714841763395,0.935478896512769
"Landings Model",1418157.55575707,1268374.87539357,0.983105995792177,0.976405081506837
"Consumption Model",0.113303340247081,0.16601699384239,0.997741160102812,0.99539333300311
"Exports Model",84600.6833879157,126509.239210272,0.996572324782487,0.991899858716653
"Market Value Model",0.186036994990237,0.159567427169446,0.92872434508475,0.971489338101187
