"Model","RMSE_Train","RMSE_Test","R2_Train","R2_Test"
"Landings Model",11609374.8706247,13070826.1375211,0.158206496008891,0.0815327273632287
"Consumption Model",0.0850550022874644,0.0720914680938821,0.998995459279378,0.999293845470728
"Exports Model",124146.016397163,134456.810774437,0.995572643047364,0.995334460934629
"Market Value Model",0.0345191800553305,0.0239135805595591,0.997812258315642,0.998775310005166
"Landings Model",1310452.65838109,5315072.30186068,0.963342369085509,0.486893306017762
"Consumption Model",0.0829068787265145,0.085283578537995,0.999014089559497,0.999219057191201
"Exports Model",143959.64906766,68556.0886439613,0.994080345284314,0.998876544541467
"Market Value Model",0.0253965457968722,0.0453278668779541,0.998765630182555,0.996580085718143
