"Model","RMSE_Train","RMSE_Test","R2_Train","R2_Test"
"Landings Model",14656484.4287296,14039999.4828206,0.514348804883801,0.692959332616837
"Consumption Model",0.0890614307774083,0.0795541976806293,0.998866162129454,0.999168070389551
"Exports Model",121711.030701508,34145.9814114321,0.995711172906182,0.999689609823764
"Market Value Model",0.00423621327348339,0.00511290394697957,0.99739860240532,0.996431632804161
"Landings Model",1265376.39997339,1492854.48239559,0.979112640099023,0.955508475449618
"Consumption Model",0.0775084009230121,0.0909663548451401,0.999217020133751,0.998619507456482
"Exports Model",112479.196846847,78043.7409449834,0.996363657023601,0.998484719755757
"Market Value Model",0.00335923199458181,0.00711981870833042,0.998516825450656,0.990837375316635
