"Model","RMSE_Train","RMSE_Test","R2_Train","R2_Test"
"Landings Model",5562117.20116868,5007903.11535992,0.178983304218059,0.133435554068676
"Consumption Model",0.118894110903463,0.0797959878302153,0.997238391099933,0.999183934219301
"Exports Model",167521.034446516,91480.8925654852,0.99085046878321,0.997437917051397
"Market Value Model",0.020541363601775,0.0292600223849635,0.99466878229336,0.989290110121047
"Landings Model",1133796.67338249,1838309.83477627,0.968555628809306,0.87881908693507
"Consumption Model",0.111367476353789,0.12081361128577,0.99764717772392,0.9978597277535
"Exports Model",126300.602175818,243913.802664463,0.994868467712622,0.980540621516616
"Market Value Model",0.0240455459412898,0.0141589358287435,0.992428303471215,0.998375048449516
