"Model","RMSE_Train","RMSE_Test","R2_Train","R2_Test"
"Landings Model",82219975.6556385,81982659.0175235,0.0149294603172752,0.0774667165483077
"Consumption Model",0.0977163422429254,0.101860136324988,0.998635256468361,0.998953281801821
"Exports Model",120497.063825584,224309.298227584,0.995953280926544,0.984456730693943
"Market Value Model",0.00301045992384126,0.00303130503066567,0.999075889832186,0.999354605529499
"Landings Model",7234056.00746765,17491061.220772,0.952701793239176,0.509867718412663
"Consumption Model",0.0949953992449146,0.108738348344442,0.998755984965806,0.998197636855994
"Exports Model",98058.7575627324,250039.324280798,0.997323157349963,0.982455183472239
"Market Value Model",0.00265901883460509,0.00329918426969584,0.999259792443455,0.999204985595455
