"Model","RMSE_Train","RMSE_Test","R2_Train","R2_Test"
"Landings Model",4997196.34760319,4980261.63767631,0.38200664075777,0.37688756878214
"Consumption Model",0.0939553564304753,0.200445245764985,0.992625862056663,0.987830184947474
"Exports Model",108050.220089686,39745.0118478214,0.991291408167137,0.997556316251596
"Market Value Model",0.0142918798714057,0.00600781651817026,0.953690774953916,0.987352118128966
"Landings Model",296713.933312939,1882173.34224693,0.98697697182914,0.513309989875859
"Consumption Model",0.116029147795434,0.10991727844156,0.991159125018788,0.986775505998803
"Exports Model",108066.093386084,73246.3810854581,0.990663196481332,0.99482966254514
"Market Value Model",0.0149020292771257,0.00458534716950999,0.949034700933807,0.992470552387817
