"Model","RMSE_Train","RMSE_Test","R2_Train","R2_Test"
"Landings Model",1260789.72432805,1316716.61415946,0.0321801228034186,0.158101075179113
"Consumption Model",0.107934347618636,0.0414865164785585,0.998584182319268,0.999802208435134
"Exports Model",125403.413935777,59567.7024690879,0.995782708207763,0.999155582789194
"Market Value Model",0.0193295654619411,0.0210436737270735,0.996551374171266,0.997679423982533
"Landings Model",101179.019097163,235857.636154366,0.972139159043171,0.841699396957244
"Consumption Model",0.117210998360039,0.035301061898548,0.99830624291468,0.999860004855682
"Exports Model",109335.744768726,125268.8069344,0.996799325726705,0.996483960660426
"Market Value Model",0.0189021675958501,0.024553349232052,0.996983474188309,0.995648439554272
