"Model","RMSE_Train","RMSE_Test","R2_Train","R2_Test"
"Landings Model",2529041.53722332,2300294.65231434,0.416029483956711,0.438864451577051
"Consumption Model",0.0977259301398292,0.0932360343256211,0.998674547632172,0.998849315115005
"Exports Model",104752.506857216,108075.403113948,0.996920694011655,0.996459533419938
"Market Value Model",0.0220017245414437,0.015377671964313,0.995264985131007,0.997935218079987
"Landings Model",332054.587966587,436238.829245524,0.969305923825111,0.927275075750717
"Consumption Model",0.0935988533960628,0.104855646666943,0.998795684167713,0.998491381490896
"Exports Model",94825.5848635022,143287.097830086,0.997535677317787,0.994545063062374
"Market Value Model",0.0222051731630694,0.0151205122830475,0.995289348754747,0.997890599520952
