"Model","RMSE_Train","RMSE_Test","R2_Train","R2_Test"
"Landings Model",180826.487600333,13265112.0279564,0.953793215052079,0.271942972224309
"Consumption Model",0.101630925530741,0.113577278435059,0.998557358592426,0.998223775012957
"Exports Model",92631.6126544184,53934.1234260726,0.997719207401228,0.998902666177426
"Market Value Model",0.00342094461384749,0.0035120394947425,0.999178860215346,0.999017065102377
"Landings Model",183453.009101431,13265707.6359007,0.952397133573408,0.271593613376568
"Consumption Model",0.101385602760336,0.0988537559237897,0.998501161565315,0.999391245455885
"Exports Model",94255.7308954305,41638.7749704382,0.997422015056613,0.999588712811386
"Market Value Model",0.00351855429953894,0.00440155003543856,0.999221383625833,0.998324293201424
