"Model","RMSE_Train","RMSE_Test","R2_Train","R2_Test"
"Landings Model",3645777.20049614,3844637.838793,0.000863572815437806,0.176999752072974
"Consumption Model",0.0928650735817952,0.0594516881387229,0.998762471116537,0.999568214392949
"Exports Model",111264.722033529,101634.759866083,0.996306747405233,0.998244810280045
"Market Value Model",0.0252826843341281,0.0266840008210267,0.997049537496806,0.997896316842627
"Landings Model",567255.814796683,1459494.45605539,0.971585969934475,0.749433682579981
"Consumption Model",0.0929057282339162,0.0784692937106628,0.99875748516037,0.999159910040172
"Exports Model",113197.620959593,86093.857813845,0.996595002708939,0.997395237735139
"Market Value Model",0.027791821447029,0.0215889325805738,0.996646359795114,0.998297010861811
