"Model","RMSE_Train","RMSE_Test","R2_Train","R2_Test"
"Landings Model",12596227.8862884,12304820.6950056,0.635019392672259,0.515901761328847
"Consumption Model",0.0343425234787523,0.101585645237781,0.997296984960056,0.985652942997842
"Exports Model",49592.7851813563,9154.87184457532,0.995981478547615,0.999834843022968
"Market Value Model",0.000164903960642833,0.000230748909913062,0.999448034235343,0.999340315588327
"Landings Model",161170.951489486,571548.127321041,0.999195149501389,0.988771627254826
"Consumption Model",0.0632931118573458,0.0027674661727206,0.991779304318445,0.999983226093295
"Exports Model",38577.7800664941,60445.3398527732,0.997516556975758,0.993925032807591
"Market Value Model",0.000175138282095334,1.08712534837158e-05,0.999436650590079,0.999998133658881
