"Model","RMSE_Train","RMSE_Test","R2_Train","R2_Test"
"Landings Model",5468736.32088061,5273077.93865043,0.0803518040351959,0.020009472325341
"Consumption Model",0.106649577712683,0.0879020850338242,0.998367987040996,0.999126919056123
"Exports Model",119178.524444404,151880.33203012,0.99641962137196,0.992009629278236
"Market Value Model",0.025339671756456,0.0143660091295946,0.99735863135757,0.999418134883112
"Landings Model",1420533.534589,3291284.43741834,0.925398849075928,0.439727684233814
"Consumption Model",0.108004721623331,0.0919900935473338,0.998332337937949,0.999022190564156
"Exports Model",122135.712770855,100064.241257915,0.99622440941697,0.996477509887381
"Market Value Model",0.0221888405385247,0.0242494421533587,0.997905091868784,0.997732690452347
