"Model","RMSE_Train","RMSE_Test","R2_Train","R2_Test"
"Landings Model",6517994.57897106,6835271.67953126,0.00314565054234638,0.048837811884849
"Consumption Model",0.121538651892131,0.0440303402789881,0.997443038418432,0.999656087646965
"Exports Model",167962.590967915,148472.735751649,0.990016833895923,0.992593148501514
"Market Value Model",0.0568787916230562,0.0368819989765227,0.979528698689773,0.993395308421382
"Landings Model",1358428.35099771,3824520.96747037,0.92753472753396,0.254154815543664
"Consumption Model",0.122078159198943,0.0820110761348934,0.997449295683613,0.998629991347795
"Exports Model",173117.710745133,85670.4279827698,0.989331101921848,0.997688294220896
"Market Value Model",0.0568257400254979,0.054468912939798,0.978218319493068,0.987513418142508
