"Model","RMSE_Train","RMSE_Test","R2_Train","R2_Test"
"Landings Model",1427763.07674455,1383191.38016525,0.0598513138162541,0.14039903067862
"Consumption Model",0.123935953556016,0.121153670430865,0.996429865443215,0.997325131543082
"Exports Model",123161.653520249,57584.0767326253,0.993428764205743,0.999289256233527
"Market Value Model",0.0976859919873362,0.191983005883777,0.993108745274876,0.952248253294357
"Landings Model",7609.3781148044,9983.54061126267,0.940279861812648,0.631266580455951
"Consumption Model",0.121714002413083,0.107845682060081,0.996367792293999,0.998118570431487
"Exports Model",116907.402321201,80395.5969289084,0.994178796385305,0.99834960069452
"Market Value Model",0.132486764800835,0.10155877911082,0.9841643439554,0.990082570769914
