"Model","RMSE_Train","RMSE_Test","R2_Train","R2_Test"
"Landings Model",1159800.64742829,1285105.03613698,0.0782836443892686,0.186977387325889
"Consumption Model",0.0939922272501561,0.0743579888390626,0.998730528702002,0.99929312869158
"Exports Model",117289.838028372,78497.9419417864,0.996014809435989,0.998337794633674
"Market Value Model",0.0220794436951736,0.0122806426871035,0.995485183026282,0.99859082623311
"Landings Model",115369.718966028,86140.2935390813,0.95840051039953,0.943207637812361
"Consumption Model",0.0766022223875776,0.0930638518938742,0.99918144835547,0.998691035727227
"Exports Model",106345.907927384,145044.898216102,0.996756557239758,0.993838921378948
"Market Value Model",0.0226729021196558,0.0145688282049949,0.995346100709843,0.997984671826111
