"Model","RMSE_Train","RMSE_Test","R2_Train","R2_Test"
"Landings Model",11725552.2829402,11648396.1390724,0.116235876435345,0.062045542793713
"Consumption Model",0.116862944103609,0.116251103819414,0.996853348643911,0.997229943457038
"Exports Model",78736.5970377054,116585.321202362,0.997120931634376,0.996118536153611
"Market Value Model",0.0310347983684722,0.0103058081278163,0.842918348498805,0.837392099513727
"Landings Model",471250.015122543,676878.955771328,0.995550907693522,0.991892277754255
"Consumption Model",0.118879475911623,0.0760429601525617,0.996709620878695,0.998905993548816
"Exports Model",91088.6867290685,88578.6099459551,0.996556476720332,0.996939286696987
"Market Value Model",0.0143857632609234,0.0552351649133974,0.919570049816412,0.800143301207785
