"Model","RMSE_Train","RMSE_Test","R2_Train","R2_Test"
"Landings Model",3548177.85451636,3737088.83964756,0.00108760161607629,0.00578779570559616
"Consumption Model",0.0904663229378038,0.0798985491427042,0.998860937600847,0.999149902295474
"Exports Model",94468.3143480638,34854.4310773788,0.997584130063956,0.999599074723388
"Market Value Model",0.0360251215771683,0.0209452061711698,0.998596605535967,0.999481974418027
"Landings Model",618290.71264521,481809.172104426,0.97123560554122,0.983548550359287
"Consumption Model",0.0920805092360479,0.0731404681771837,0.998841381594055,0.999253505162489
"Exports Model",83411.0154286004,96058.5946521101,0.998002961408516,0.997666877299653
"Market Value Model",0.0357076054542258,0.0282486150259308,0.998613817783125,0.998963977890972
