"Model","RMSE_Train","RMSE_Test","R2_Train","R2_Test"
"Landings Model",1263826.08063779,1611498.74630247,0.246378054918433,0.354181422082252
"Consumption Model",0.172325230219717,0.102256099483818,0.996842757460383,0.999191078938128
"Exports Model",128393.973033961,95164.9695526383,0.993992870449095,0.997734551802344
"Market Value Model",0.0475204831767399,0.0228287842921745,0.994748670441516,0.999324926838277
"Landings Model",160960.730738929,247785.883196371,0.930191568761693,0.717356621510147
"Consumption Model",0.160483499092957,0.200023769982406,0.997337860313306,0.995498275729445
"Exports Model",131233.15769315,49478.8160029042,0.993979209766643,0.999419095327568
"Market Value Model",0.046803721293127,0.0280981173466632,0.994958984292605,0.999215636567641
