"Model","RMSE_Train","RMSE_Test","R2_Train","R2_Test"
"Landings Model",2743538.81829819,3112346.74499029,1.18671293838482e-09,0.0729370497442745
"Consumption Model",0.0863876633360153,0.0949049589971061,0.998943977862165,0.999071467205262
"Exports Model",96717.4117968875,60468.3874623288,0.997416392526075,0.999057078404765
"Market Value Model",0.0258215432982847,0.0282566767454223,0.999050851587688,0.998557855966943
"Landings Model",664276.540034552,1549754.44294799,0.951108881075131,0.702846766083821
"Consumption Model",0.0859496868541491,0.102603717861893,0.998963370472523,0.998825325388124
"Exports Model",76329.9709118042,130241.830761724,0.998493377687847,0.995135566576888
"Market Value Model",0.0251953000216021,0.0272862554692205,0.998914923612409,0.99929887209265
