"Model","RMSE_Train","RMSE_Test","R2_Train","R2_Test"
"Landings Model",979631.472237247,1077119.70127261,0.0165269667599905,0.0396187345939054
"Consumption Model",0.114222115256095,0.0470064507178532,0.997169438340731,0.999633228720521
"Exports Model",120490.21800566,150170.087724188,0.994873754093354,0.989703122695002
"Market Value Model",0.189995515327312,0.194797267982358,0.998410798512529,0.998729751218687
"Landings Model",20021.4626789787,60776.9410464723,0.966679626637619,0.653015283129395
"Consumption Model",0.112848375727943,0.0624693896872641,0.997035530105927,0.999495050080317
"Exports Model",133242.37254263,90278.2513089114,0.993051729733266,0.99784748216045
"Market Value Model",0.179001195046413,0.179450674637175,0.998711564543618,0.998462584337626
