"Model","RMSE_Train","RMSE_Test","R2_Train","R2_Test"
"Landings Model",1474886.12162611,1569075.65903178,0.0108005560029346,0.00354607607079736
"Consumption Model",0.077259111606513,0.219018115297262,0.999290090068158,0.995632879156843
"Exports Model",121524.933649494,91970.3506274428,0.994757864931837,0.997311062910883
"Market Value Model",0.020650655860912,0.0327868678478453,0.996580161274108,0.989389521751985
"Landings Model",44252.7100112356,97375.4471833637,0.966430275469168,0.283302292307523
"Consumption Model",0.098619697238451,0.174078507541494,0.998864367234355,0.996874788006831
"Exports Model",116371.717095449,88218.921372368,0.995266588824554,0.997239966914625
"Market Value Model",0.0214981313094997,0.02791682640652,0.996323885054468,0.993324232522877
