"Model","RMSE_Train","RMSE_Test","R2_Train","R2_Test"
"Landings Model",12935211.7802283,14422204.1072302,0.00991632424516889,0.00468763325128933
"Consumption Model",0.132533051423931,0.17432853385404,0.99820671508209,0.996554683411527
"Exports Model",103508.03735231,195715.354080095,0.998305690060182,0.99071103447942
"Market Value Model",0.00384246121045985,0.00645729952701058,0.999489314481281,0.997410191925863
"Landings Model",2973664.79067076,6486066.11871801,0.915306158131614,0.667840611837464
"Consumption Model",0.151165249882483,0.0794629612122212,0.997533624669047,0.999299689904739
"Exports Model",138739.468167982,92089.6360686431,0.995825806359919,0.999179954635795
"Market Value Model",0.00492526243720679,0.00291681044529768,0.998866808168498,0.99974620118414
