"Model","RMSE_Train","RMSE_Test","R2_Train","R2_Test"
"Landings Model",1407995.82524714,1196407.31217484,0.0324395297268032,0.214391413462262
"Consumption Model",0.111039260657514,0.127855549884435,0.997161197616052,0.997872802879368
"Exports Model",196575.655302406,76678.7790821007,0.987966875653509,0.998632346466581
"Market Value Model",0.00827496629004715,0.0108544170604396,0.993949612593626,0.982914191549421
"Landings Model",312844.159717973,716966.493335114,0.932114063251429,0.221974279057917
"Consumption Model",0.11619556639205,0.0491176704574349,0.997186611672132,0.999527264788544
"Exports Model",184298.770102318,166461.433720601,0.98957744365526,0.991930412716196
"Market Value Model",0.00904919376011347,0.00984360448619815,0.991846665921403,0.98980566364893
