"Model","RMSE_Train","RMSE_Test","R2_Train","R2_Test"
"Landings Model",1589879.81349607,1752588.07605156,0.164105290245802,0.0155227571607418
"Consumption Model",0.0916661743799341,0.08508758045094,0.998812720632455,0.999464774650555
"Exports Model",97623.1808567644,87254.7008363689,0.99728647022717,0.998431961318579
"Market Value Model",0.0349439390363982,0.0231562430274491,0.99525724638414,0.998752703227914
"Landings Model",419462.947542846,1026315.60746232,0.9531602034618,0.592451734232392
"Consumption Model",0.0986554436408144,0.0710294651925463,0.998628298462493,0.999413542299585
"Exports Model",88299.1182066441,121950.514373278,0.99797656521691,0.996072768425342
"Market Value Model",0.0342491572296959,0.035260498156018,0.995758678999184,0.994469731147228
