"Model","RMSE_Train","RMSE_Test","R2_Train","R2_Test"
"Landings Model",1121363.19309499,1199458.88423258,0.00924432398430054,0.044913141877079
"Consumption Model",0.212505484322076,0.083284260330871,0.991201731072342,0.998588323644185
"Exports Model",175415.045830411,183479.255573569,0.982802027064324,0.990925206155198
"Market Value Model",0.0132837757789342,0.0154198814198995,0.970945052337334,0.976915081369228
"Landings Model",78849.0062186013,120807.799525826,0.910519624971829,0.570814535034358
"Consumption Model",0.188499317636156,0.187578424995424,0.99282964616865,0.995118204155639
"Exports Model",181622.382534975,87078.5874842237,0.983255265840287,0.998417671161086
"Market Value Model",0.0135523879791775,0.00977375597128477,0.970076810108345,0.985793845192682
