"Model","RMSE_Train","RMSE_Test","R2_Train","R2_Test"
"Landings Model",689614.779995414,1142729.45678395,0.429980528224332,0.000977581503337327
"Consumption Model",0.0892944672515167,0.114837121051731,0.997216511845519,0.988004229089404
"Exports Model",85957.9730683779,151886.927998068,0.994407586653718,0.991297060366904
"Market Value Model",0.0782667544473711,0.0491252132101307,0.986595836475929,0.998935202370102
"Landings Model",49528.3672469055,742980.420116561,0.997111678517461,0.496679622421147
"Consumption Model",0.104408431008624,0.0221872765907547,0.995164282532513,0.999860018469418
"Exports Model",70908.9865425793,168743.534315189,0.996601631303129,0.985770092161312
"Market Value Model",0.079872023764281,0.0494791070192281,0.985536256357821,0.998017481372899
