"Model","RMSE_Train","RMSE_Test","R2_Train","R2_Test"
"Landings Model",3657318.46411025,4360871.58889198,0.366891156558823,0.462288226452603
"Consumption Model",0.0449648352857071,0.17522396761909,0.99672834489265,0.964852925204653
"Exports Model",52558.29671551,58017.4428563697,0.996548773607071,0.99483848906289
"Market Value Model",0.0154174682033695,0.0359961025927047,0.993954967311958,0.965977083132081
"Landings Model",254347.901805093,1007541.80002845,0.994662006564426,0.935244429853983
"Consumption Model",0.0864746462766487,0.0709120698610926,0.986595102365333,0.995702858139177
"Exports Model",40156.2259671703,93453.7211296555,0.997719010532867,0.990686114346857
"Market Value Model",0.0234122822412187,0.00233487950119069,0.984400143605268,0.999896127316211
