"Model","RMSE_Train","RMSE_Test","R2_Train","R2_Test"
"Landings Model",5820517.69339681,6214681.79024281,0.308486508129865,0.206858591408703
"Consumption Model",0.0731417777954144,0.121873790649271,0.994623730870302,0.977345504106837
"Exports Model",93645.4416014636,146891.709865581,0.987336787544862,0.985854287730719
"Market Value Model",0.0271300857554437,0.021844677435121,0.951639004563396,0.95461764446118
"Landings Model",497438.638598631,1072556.77907585,0.981361443249364,0.915084386600212
"Consumption Model",0.0878436671440566,0.0572426900334868,0.989046983776017,0.998442702839175
"Exports Model",87270.894871021,159602.980826834,0.989221116080308,0.978628580130416
"Market Value Model",0.0285322105656586,0.00452113111080386,0.943531865194248,0.998150147157878
