"Model","RMSE_Train","RMSE_Test","R2_Train","R2_Test"
"Landings Model",2400287.04212783,3030162.28558142,0.0185367666435207,0.0816864781497839
"Consumption Model",0.0817441160531094,0.120024560714319,0.999079165499013,0.998014962845267
"Exports Model",102367.88142156,29546.8876164914,0.997130395073239,0.99981517637708
"Market Value Model",0.020354793215397,0.0220737812836043,0.998645052822422,0.997745984363663
"Landings Model",397174.3151463,1376453.87000152,0.968311971285201,0.739186842890221
"Consumption Model",0.0934645964694717,0.0735420345875604,0.998773089129714,0.999417853517151
"Exports Model",97851.9952569513,77434.5437789146,0.997308459959837,0.998678078556332
"Market Value Model",0.0232821747029242,0.016258542570374,0.997996171201062,0.999366544875811
