"Model","RMSE_Train","RMSE_Test","R2_Train","R2_Test"
"Landings Model",1655775.787359,1373980.72961068,0.0304089092306212,0.256119835527447
"Consumption Model",0.123779001588154,0.0974294732866938,0.997884740288394,0.998720483397717
"Exports Model",88645.6784603957,165550.183120748,0.99770739701257,0.993236629300705
"Market Value Model",0.043142717476002,0.0631723827652865,0.997404405581137,0.994961461562056
"Landings Model",271853.695204209,287214.124631726,0.966919378594557,0.863753971332722
"Consumption Model",0.124761360484804,0.0566110305836856,0.99784667454712,0.999548782673367
"Exports Model",65992.9291079395,189066.434100033,0.998768132521239,0.99024815194418
"Market Value Model",0.0317270601585062,0.0807910013663441,0.99857170921199,0.99201889444147
