"Model","RMSE_Train","RMSE_Test","R2_Train","R2_Test"
"Landings Model",86407489.196693,84951242.1006088,0.0121669461415052,0.0492870040866259
"Consumption Model",0.0855799166036601,0.102196793783361,0.998962655713358,0.998586738233138
"Exports Model",80416.4142575984,44305.3637800434,0.998024925925282,0.999558277928292
"Market Value Model",0.0636347886776613,0.0776363641516183,0.997511073956777,0.99659242162892
"Landings Model",2037172.45032373,4330750.70583351,0.997946212358589,0.993580816903018
"Consumption Model",0.0819845501139218,0.102229904394487,0.999059250686515,0.998465046806087
"Exports Model",74874.9283104199,52054.9581387474,0.998357329158507,0.999236123283272
"Market Value Model",0.0635687300754443,0.0722941577672534,0.997542852513565,0.996101936632632
