"Model","RMSE_Train","RMSE_Test","R2_Train","R2_Test"
"Landings Model",7470756.82816361,2334790.9253124,0.273544348200593,0.50664802704626
"Consumption Model",0.0903683808266547,0.0726666507287213,0.99801215487733,0.999059572960498
"Exports Model",71129.904932792,122087.258369601,0.998049430419947,0.99273433911524
"Market Value Model",0.0366814735206865,0.0369139822649361,0.998868634250417,0.999146329809121
"Landings Model",2234159.44440496,2197261.22331083,0.929449652909651,0.0333608575420861
"Consumption Model",0.0885574375046809,0.0829177170983148,0.998243608871732,0.998367693164004
"Exports Model",88514.211376634,30959.7654386271,0.996700933034991,0.999693690681449
"Market Value Model",0.0338189997828627,0.049579810268236,0.999056080550445,0.998144528555699
