"Model","RMSE_Train","RMSE_Test","R2_Train","R2_Test"
"Landings Model",1093038.27634234,1047122.49052527,0.0410998399575232,0.132326057716511
"Consumption Model",0.07443907241612,0.0486189246849401,0.998884020025816,0.999698283944133
"Exports Model",117298.914274302,23667.5587668332,0.995141431003502,0.999924891339638
"Market Value Model",0.0248715492458588,0.00593262193295602,0.969749444749793,0.998552288643504
"Landings Model",116409.428238969,153355.907848088,0.951127177718042,0.900592175840026
"Consumption Model",0.0582457368007632,0.090313354516509,0.999244779696521,0.999201237190199
"Exports Model",114634.187971707,61560.4264859252,0.994957622231156,0.999225025073623
"Market Value Model",0.023873918539668,0.019419806635254,0.971261138520786,0.985210469060817
