"Model","RMSE_Train","RMSE_Test","R2_Train","R2_Test"
"Landings Model",1279360.93200745,1282804.65023746,0.015278605627263,0.03042971374396
"Consumption Model",0.0881505937060473,0.10431388223069,0.998892583054227,0.998602962671371
"Exports Model",125781.729955214,97233.2066864859,0.995581970208187,0.997454473501795
"Market Value Model",0.0843550815024671,0.116554806220229,0.998879749124591,0.997857777765695
"Landings Model",36233.0919994269,103488.089323095,0.970979588931562,0.650036995747956
"Consumption Model",0.0831969168651416,0.105862476114728,0.999026931565456,0.99852182693867
"Exports Model",118653.45025333,132307.03001056,0.996233127628583,0.994067608758415
"Market Value Model",0.100588501224548,0.107430631678123,0.998295687223805,0.998314862429128
