"Model","RMSE_Train","RMSE_Test","R2_Train","R2_Test"
"Landings Model",1542267.39760333,1431915.44601248,0.320417931023736,0.268350684258521
"Consumption Model",0.112673350640905,0.090892405501012,0.99820963885918,0.998910103959605
"Exports Model",86110.9459034938,97959.9523295364,0.998027470357113,0.997643359146343
"Market Value Model",0.0969322499003178,0.0662860138435392,0.99832248605949,0.998943285210401
"Landings Model",6550.18017568345,9161.1229402635,0.959530490549913,0.873547503955168
"Consumption Model",0.122999374238736,0.044129341036473,0.997864170731205,0.99973531809665
"Exports Model",82675.4995996619,101664.253358941,0.998238060705053,0.997156618253834
"Market Value Model",0.0897453151647268,0.0858231610537252,0.998427509865903,0.998954013068381
