"Model","RMSE_Train","RMSE_Test","R2_Train","R2_Test"
"Landings Model",1843131.50155564,1420300.45274456,0.0102225213845251,3.47885954573524e-05
"Consumption Model",0.156264670086729,0.0790464557039841,0.997253157069826,0.999572987440833
"Exports Model",117162.053290165,65601.3552440911,0.995418709496634,0.998639853533118
"Market Value Model",0.0457098173551475,0.0428401378210223,0.993125386306928,0.992624938662587
"Landings Model",477124.848108519,236946.599684992,0.889392373567835,0.787452466554837
"Consumption Model",0.151350308595411,0.0976290652675094,0.99751891428345,0.9990332579042
"Exports Model",105296.819580313,140369.307005913,0.996280233557494,0.993714906516816
"Market Value Model",0.0407893883897538,0.0507581957140091,0.994177454715742,0.992162977948811
