"Model","RMSE_Train","RMSE_Test","R2_Train","R2_Test"
"Landings Model",936251.57072538,1087992.25111788,0.187267184663886,0.0956781520131823
"Consumption Model",0.103448069922926,0.0838646943677914,0.997447864198569,0.999150592091727
"Exports Model",84666.4560393469,161660.854825239,0.997241232617243,0.992839226545118
"Market Value Model",0.0288619494551339,0.0300449214460713,0.996356637146691,0.997281225023888
"Landings Model",81580.3761713655,93701.6665784314,0.984090595419151,0.981567202628209
"Consumption Model",0.0825904581335112,0.178573670467416,0.998816088704626,0.991869042483733
"Exports Model",118225.05209119,42929.5547067266,0.995651753990664,0.999110872591074
"Market Value Model",0.0306918614191419,0.0293644200735079,0.996206719633281,0.995608215886375
